scenario,run,phase,heavyAdmitted,heavyAdmittedPerSec,heavyMaxAdmittedIn1s,lightAllowedPctOfAnswered,errors,p50Ms,p99Ms
strict-open,1,0-10s before kill,1099,109.9,199,100.0,0,3.36,9.39
strict-open,1,10-20s owner dead,1233,123.3,200,100.0,1163,2.85,8.32
strict-open,1,20-30s after restart,1117,111.7,192,100.0,90,3.19,10.44
strict-open,1,0-30s whole run,3449,115.0,200,100.0,1253,3.20,9.37
strict-open,2,0-10s before kill,1099,109.9,199,100.0,0,3.46,9.90
strict-open,2,10-20s owner dead,1227,122.7,199,100.0,1163,3.60,35.30
strict-open,2,20-30s after restart,1137,113.7,238,100.0,122,3.32,11.94
strict-open,2,0-30s whole run,3463,115.4,238,100.0,1285,3.43,12.61
strict-open,3,0-10s before kill,1099,109.9,200,100.0,0,3.44,9.76
strict-open,3,10-20s owner dead,1237,123.7,199,100.0,1163,3.51,9.88
strict-open,3,20-30s after restart,1137,113.7,238,100.0,118,3.25,12.90
strict-open,3,0-30s whole run,3473,115.8,238,100.0,1281,3.37,10.06
strict-closed,1,0-10s before kill,1099,109.9,199,100.0,0,3.40,10.27
strict-closed,1,10-20s owner dead,964,96.4,139,97.0,1163,3.49,9.91
strict-closed,1,20-30s after restart,1111,111.1,201,99.8,105,3.25,10.00
strict-closed,1,0-30s whole run,3174,105.8,201,99.2,1268,3.35,10.01
strict-closed,2,0-10s before kill,1099,109.9,199,100.0,0,3.47,10.66
strict-closed,2,10-20s owner dead,967,96.7,134,97.3,1163,3.62,9.90
strict-closed,2,20-30s after restart,1088,108.8,183,99.4,113,3.51,38.20
strict-closed,2,0-30s whole run,3154,105.1,199,99.1,1276,3.52,14.23
strict-closed,3,0-10s before kill,1099,109.9,199,100.0,0,3.42,9.77
strict-closed,3,10-20s owner dead,954,95.4,145,97.3,1166,3.51,12.56
strict-closed,3,20-30s after restart,1118,111.8,210,99.8,109,3.33,10.28
strict-closed,3,0-30s whole run,3171,105.7,210,99.2,1275,3.39,10.29
lease-open,1,0-10s before kill,1099,109.9,199,100.0,0,3.20,8.07
lease-open,1,10-20s owner dead,1210,121.0,202,100.0,1165,3.25,8.89
lease-open,1,20-30s after restart,1118,111.8,219,100.0,119,3.11,15.36
lease-open,1,0-30s whole run,3427,114.2,219,100.0,1284,3.17,9.40
lease-open,2,0-10s before kill,1099,109.9,199,100.0,0,3.03,9.40
lease-open,2,10-20s owner dead,1228,122.8,203,100.0,1164,3.54,10.19
lease-open,2,20-30s after restart,1144,114.4,241,100.0,114,2.93,7.45
lease-open,2,0-30s whole run,3471,115.7,241,100.0,1278,3.08,9.32
lease-open,3,0-10s before kill,1100,110.0,200,100.0,0,3.11,9.04
lease-open,3,10-20s owner dead,1224,122.4,199,100.0,1164,3.19,9.97
lease-open,3,20-30s after restart,1139,113.9,236,100.0,113,2.99,8.55
lease-open,3,0-30s whole run,3463,115.4,236,100.0,1277,3.08,9.04
lease-closed,1,0-10s before kill,1099,109.9,199,100.0,0,3.04,8.70
lease-closed,1,10-20s owner dead,967,96.7,133,97.9,1163,3.26,8.44
lease-closed,1,20-30s after restart,1120,112.0,226,99.6,145,3.51,148.83
lease-closed,1,0-30s whole run,3186,106.2,226,99.3,1308,3.25,38.10
lease-closed,2,0-10s before kill,1099,109.9,199,100.0,0,3.15,8.00
lease-closed,2,10-20s owner dead,969,96.9,138,97.9,1163,3.27,7.99
lease-closed,2,20-30s after restart,1140,114.0,240,99.8,117,3.06,9.51
lease-closed,2,0-30s whole run,3208,106.9,240,99.4,1280,3.15,8.42
lease-closed,3,0-10s before kill,1099,109.9,199,100.0,0,3.11,7.95
lease-closed,3,10-20s owner dead,961,96.1,137,98.8,1165,3.23,8.00
lease-closed,3,20-30s after restart,1107,110.7,201,99.8,111,3.04,9.16
lease-closed,3,0-30s whole run,3167,105.6,201,99.6,1276,3.10,8.32
